{
    "name": "Three",
    "spawnWeight": 1,
    "characterTypes": [
        "SurvivorM_Niki",
        "SurvivorM_Oliver",
        "SurvivorM_Peter",
        "SurvivorM_Quinn",
        "SurvivorM_Rolf",
        "SurvivorM_Seth"
    ],
    "attachmentSlotItemSets": [
        {
            "slotName": "shoulderR",
            "discreteItemSets": [
                {
                    "itemType": "SVD",
                    "spawnWeight": 1,
                    "attributes": {
                        "healthMin": 1,
                        "healthMax": 1,
                        "quantityMin": 1,
                        "quantityMax": 1
                    },
                    "quickBarSlot": 1,
                    "complexChildrenTypes": [
                        {
                            "itemType": "KobraOptic",
                            "attributes": {
                                "healthMin": 1,
                                "healthMax": 1,
                                "quantityMin": 1,
                                "quantityMax": 1
                            },
                            "quickBarSlot": -1,
                            "simpleChildrenTypes": [
                                "Battery9V"
                            ],
                            "simpleChildrenUseDefaultAttributes": false
                        }
                    ],
                    "simpleChildrenTypes": [
                        "Mag_SVD_10Rnd",
                        "AK_Suppressor",
						"Battery9V"
                    ],
                    "simpleChildrenUseDefaultAttributes": false
                }
            ]
        },
        {
            "slotName": "Body",
            "discreteItemSets": [
                {
                    "itemType": "M65Jacket_Tan",
                    "spawnWeight": 1,
                    "attributes": {
                        "healthMin": 1,
                        "healthMax": 1,
                        "quantityMin": 1,
                        "quantityMax": 1
                    },
                    "quickBarSlot": -1,
                    "complexChildrenTypes": [
						{
                            "itemType": "SawedoffFAMAS",
                            "attributes": {
                                "healthMin": 1,
                                "healthMax": 1,
                                "quantityMin": 1,
                                "quantityMax": 1
                            },
                            "quickBarSlot": 4,
                            "simpleChildrenTypes": [
                                "Mag_FAMAS_25Rnd"
                            ],
                            "simpleChildrenUseDefaultAttributes": false
                        }
					],
                    "simpleChildrenTypes": [
                        "Mag_FAMAS_25Rnd",
                        "Mag_FAMAS_25Rnd",
                        "Mag_FAMAS_25Rnd",
                        "Mag_FAMAS_25Rnd",
                        "Mag_FAMAS_25Rnd",
                        "Mag_FAMAS_25Rnd",
                        "Mag_FAMAS_25Rnd",
                        "Mag_FAMAS_25Rnd",
                        "Mag_FAMAS_25Rnd",
                        "Mag_FAMAS_25Rnd"
                    ],
                    "simpleChildrenUseDefaultAttributes": false
                }
            ]
        },
        {
            "slotName": "Legs",
            "discreteItemSets": [
                {
                    "itemType": "CargoPants_Beige",
                    "spawnWeight": 1,
                    "attributes": {
                        "healthMin": 1,
                        "healthMax": 1,
                        "quantityMin": 1,
                        "quantityMax": 1
                    },
                    "quickBarSlot": -1,
                    "complexChildrenTypes": [],
                    "simpleChildrenTypes": [
                        "SodaCan_Kvass",
                        "SodaCan_Pipsi",
                        "SodaCan_Spite",
						"Battery9V"
                        "Rice",
                        "Mag_SVD_10Rnd",
                        "Mag_SVD_10Rnd",
                        "Mag_SVD_10Rnd",
                        "Mag_SVD_10Rnd",
                        "Mag_SVD_10Rnd",
                        "Mag_SVD_10Rnd"
                    ],
                    "simpleChildrenUseDefaultAttributes": false
                }
            ]
        },
        {
            "slotName": "Vest",
            "discreteItemSets": [
                {
                    "itemType": "PlateCarrierVest_Green",
                    "spawnWeight": 1,
                    "attributes": {
                        "healthMin": 1,
                        "healthMax": 1,
                        "quantityMin": 1,
                        "quantityMax": 1
                    },
                    "quickBarSlot": -1,
                    "complexChildrenTypes": [
                        {
                            "itemType": "PlateCarrierPouches",
                            "attributes": {
                                "healthMin": 1,
                                "healthMax": 1,
                                "quantityMin": 1,
                                "quantityMax": 1
                            },
                            "quickBarSlot": -1,
                            "simpleChildrenTypes": [
                                "Rice"
                                "Bandage",
                                "BandageDressing",
                                "Bandage",
                                "BandageDressing",
                            ],
                            "simpleChildrenUseDefaultAttributes": false
                        }
                    ],
                    "simpleChildrenTypes": [
                        "RGD5Grenade",
                        "M67Grenade",
                        "RGD5Grenade",
                        "M67Grenade"
                    ],
                    "simpleChildrenUseDefaultAttributes": false
                }
            ]
        },
        {
            "slotName": "Headgear",
            "discreteItemSets": [
                {
                    "itemType": "GorkaHelmet",
                    "spawnWeight": 1,
                    "attributes": {
                        "healthMin": 1,
                        "healthMax": 1,
                        "quantityMin": 1,
                        "quantityMax": 1
                    },
                    "quickBarSlot": -1,
                    "complexChildrenTypes": [],
                    "simpleChildrenTypes": [
                        "GorkaHelmetVisor"
                    ],
                    "simpleChildrenUseDefaultAttributes": false
                }
            ]
        },
        {
            "slotName": "Feet",
            "discreteItemSets": [
                {
                    "itemType": "Ballerinas_Red",
                    "spawnWeight": 1,
                    "attributes": {
                        "healthMin": 1,
                        "healthMax": 1,
                        "quantityMin": 1,
                        "quantityMax": 1
                    },
                    "quickBarSlot": -1,
                    "complexChildrenTypes": [],
                    "simpleChildrenTypes": [],
                    "simpleChildrenUseDefaultAttributes": false
                }
            ]
        },
        {
            "slotName": "Hands",
            "discreteItemSets": [
				{
					"itemType": "SawedoffFAMAS",
					"spawnWeight": 1,
					"attributes": {
						"healthMin": 1,
						"healthMax": 1,
						"quantityMin": 1,
						"quantityMax": 1
					},
					"quickBarSlot": 1,
					"complexChildrenTypes": [],
					"simpleChildrenTypes": [
						"Mag_FAMAS_25Rnd"
					],
					"simpleChildrenUseDefaultAttributes": false
				}
            ]
        },
        {
            "slotName": "Armband",
            "discreteItemSets": [
                {
                    "itemType": "Armband_Green",
                    "spawnWeight": 1,
                    "attributes": {
                        "healthMin": 1,
                        "healthMax": 1,
                        "quantityMin": 1,
                        "quantityMax": 1
                    },
                    "quickBarSlot": -1,
                    "complexChildrenTypes": [],
                    "simpleChildrenTypes": [],
                    "simpleChildrenUseDefaultAttributes": false
                }
            ]
        },
        {
            "slotName": "Back",
            "discreteItemSets": [
                {
                    "itemType": "DuffelBagSmall_Green",
                    "spawnWeight": 1,
                    "attributes": {
                        "healthMin": 1,
                        "healthMax": 1,
                        "quantityMin": 1,
                        "quantityMax": 1
                    },
                    "quickBarSlot": -1,
                    "complexChildrenTypes": [
                        {
                            "itemType": "Deagle",
                            "attributes": {
                                "healthMin": 1,
                                "healthMax": 1,
                                "quantityMin": 1,
                                "quantityMax": 1
                            },
                            "quickBarSlot": 3,
                            "simpleChildrenTypes": [
                                "Mag_Deagle_9rnd"
                            ],
                            "simpleChildrenUseDefaultAttributes": false
                        }
                    ],
                    "simpleChildrenTypes": [
                        "Mag_Deagle_9rnd",
                        "Mag_Deagle_9rnd",
						"Bandage",
						"BandageDressing",
						"Bandage",
						"BandageDressing",
                    ],
                    "simpleChildrenUseDefaultAttributes": false
                }
            ]
        }
    ],
    "discreteUnsortedItemSets": []
}