{
    "Objects": [
        {
            "name": "StaticObj_Wall_Tin7_4",
            "pos": [
                12262.033203125,
                140.63743591308595,
                12569.193359375
            ],
            "ypr": [
                -153.98165893554688,
                0.0,
                0.0
            ],
            "scale": 1.2999920845031739,
            "enableCEPersistency": 0
        },
        {
            "name": "Land_Ruin_Highway_Pillar1",
            "pos": [
                12285.578125,
                141.3704376220703,
                12549.8037109375
            ],
            "ypr": [
                26.804676055908204,
                0.0,
                0.0
            ],
            "scale": 0.5999954342842102,
            "enableCEPersistency": 0
        },
        {
            "name": "StaticObj_Slum_Roof5",
            "pos": [
                12265.703125,
                141.8991241455078,
                12539.23828125
            ],
            "ypr": [
                -153.6240997314453,
                -0.0,
                -0.0
            ],
            "scale": 0.9999876618385315,
            "enableCEPersistency": 0
        },
        {
            "name": "StaticObj_Slum_Roof2",
            "pos": [
                12275.0947265625,
                141.82225036621095,
                12527.4384765625
            ],
            "ypr": [
                23.58026885986328,
                -0.0,
                -0.0
            ],
            "scale": 0.9999874234199524,
            "enableCEPersistency": 0
        },
        {
            "name": "StaticObj_Slum_Roof2",
            "pos": [
                12271.61328125,
                141.8222198486328,
                12529.1142578125
            ],
            "ypr": [
                23.58026885986328,
                -0.0,
                -0.0
            ],
            "scale": 0.9999874234199524,
            "enableCEPersistency": 0
        },
        {
            "name": "StaticObj_Road_Sidewalk_Stairs",
            "pos": [
                12279.3857421875,
                141.4366455078125,
                12543.0400390625
            ],
            "ypr": [
                26.868619918823243,
                -0.0,
                -0.0
            ],
            "scale": 0.9999866485595703,
            "enableCEPersistency": 0
        },
        {
            "name": "StaticObj_Wall_Tin7_4",
            "pos": [
                12262.3671875,
                141.43849182128907,
                12535.474609375
            ],
            "ypr": [
                26.360824584960939,
                0.0,
                0.0
            ],
            "scale": 1.0999832153320313,
            "enableCEPersistency": 0
        },
        {
            "name": "StaticObj_Wall_Tin7_4",
            "pos": [
                12268.6640625,
                141.53878784179688,
                12543.03125
            ],
            "ypr": [
                -154.9977264404297,
                0.0,
                0.0
            ],
            "scale": 1.249993085861206,
            "enableCEPersistency": 0
        },
        {
            "name": "StaticObj_Wall_Tin7_8",
            "pos": [
                12262.599609375,
                141.5087890625,
                12541.0751953125
            ],
            "ypr": [
                116.64933776855469,
                0.0,
                0.0
            ],
            "scale": 1.1999844312667847,
            "enableCEPersistency": 0
        },
        {
            "name": "StaticObj_Slum_Roof2",
            "pos": [
                12268.009765625,
                141.8222198486328,
                12530.9453125
            ],
            "ypr": [
                23.58026885986328,
                -0.0,
                -0.0
            ],
            "scale": 0.9999874234199524,
            "enableCEPersistency": 0
        },
        {
            "name": "StaticObj_Slum_Roof5",
            "pos": [
                12251.64453125,
                141.698974609375,
                12498.7490234375
            ],
            "ypr": [
                26.829742431640626,
                -0.0,
                -0.0
            ],
            "scale": 0.7499956488609314,
            "enableCEPersistency": 0
        },
        {
            "name": "StaticObj_Slum_Roof2",
            "pos": [
                12242.6044921875,
                141.1922607421875,
                12509.287109375
            ],
            "ypr": [
                -155.96511840820313,
                -0.0,
                -0.0
            ],
            "scale": 0.9999845623970032,
            "enableCEPersistency": 0
        },
        {
            "name": "StaticObj_Slum_Roof2",
            "pos": [
                12246.08203125,
                141.19223022460938,
                12507.591796875
            ],
            "ypr": [
                -155.96511840820313,
                -0.0,
                -0.0
            ],
            "scale": 0.9999790787696838,
            "enableCEPersistency": 0
        },
        {
            "name": "StaticObj_Road_Sidewalk_Stairs",
            "pos": [
                12237.8330078125,
                140.7949676513672,
                12493.5205078125
            ],
            "ypr": [
                -152.6768341064453,
                -0.0,
                -0.0
            ],
            "scale": 0.9999762177467346,
            "enableCEPersistency": 0
        },
        {
            "name": "StaticObj_Wall_Tin7_4",
            "pos": [
                12252.23046875,
                141.31344604492188,
                12502.345703125
            ],
            "ypr": [
                -153.18463134765626,
                0.0,
                0.0
            ],
            "scale": 0.6999954581260681,
            "enableCEPersistency": 0
        },
        {
            "name": "StaticObj_Wall_Tin7_4",
            "pos": [
                12250.71484375,
                141.4502410888672,
                12495.0615234375
            ],
            "ypr": [
                25.455875396728517,
                0.0,
                0.0
            ],
            "scale": 0.9999929666519165,
            "enableCEPersistency": 0
        },
        {
            "name": "StaticObj_Wall_Tin7_8",
            "pos": [
                12254.107421875,
                141.444580078125,
                12497.443359375
            ],
            "ypr": [
                -62.89578628540039,
                0.0,
                0.0
            ],
            "scale": 0.8999947905540466,
            "enableCEPersistency": 0
        },
        {
            "name": "StaticObj_Slum_Roof2",
            "pos": [
                12249.6533203125,
                141.19223022460938,
                12505.626953125
            ],
            "ypr": [
                -155.96511840820313,
                -0.0,
                -0.0
            ],
            "scale": 0.9999790787696838,
            "enableCEPersistency": 0
        },
        {
            "name": "Land_Village_Pub",
            "pos": [
                12241.04296875,
                144.02593994140626,
                12501.734375
            ],
            "ypr": [
                -154.50953674316407,
                0.0,
                0.0
            ],
            "scale": 0.9999822378158569,
            "enableCEPersistency": 0
        },
        {
            "name": "StaticObj_Misc_BagFence_Corner",
            "pos": [
                12236.8701171875,
                140.80943298339845,
                12480.9541015625
            ],
            "ypr": [
                -156.36651611328126,
                0.0,
                0.0
            ],
            "scale": 2.499983549118042,
            "enableCEPersistency": 0
        },
        {
            "name": "StaticObj_Wall_Tin_5",
            "pos": [
                12230.8974609375,
                141.5514373779297,
                12489.68359375
            ],
            "ypr": [
                24.704971313476564,
                0.0,
                0.0
            ],
            "scale": 1.3999929428100587,
            "enableCEPersistency": 0
        },
        {
            "name": "StaticObj_Wall_Gate_CGry",
            "pos": [
                12272.505859375,
                141.89779663085938,
                12563.96875
            ],
            "ypr": [
                25.06047248840332,
                0.0,
                0.0
            ],
            "scale": 0.5999704003334045,
            "enableCEPersistency": 0
        },
        {
            "name": "StaticObj_Wall_Tin7_4",
            "pos": [
                12268.87109375,
                140.63743591308595,
                12565.462890625
            ],
            "ypr": [
                -153.98165893554688,
                0.0,
                0.0
            ],
            "scale": 1.2999904155731202,
            "enableCEPersistency": 0
        },
        {
            "name": "StaticObj_Wall_Gate_CGry",
            "pos": [
                12265.552734375,
                141.8975372314453,
                12567.328125
            ],
            "ypr": [
                25.06049346923828,
                0.0,
                0.0
            ],
            "scale": 0.5999806523323059,
            "enableCEPersistency": 0
        },
        {
            "name": "StaticObj_Wreck_Uaz_DE",
            "pos": [
                12240.0185546875,
                142.12435913085938,
                12525.154296875
            ],
            "ypr": [
                30.057024002075197,
                0.0,
                0.0
            ],
            "scale": 1.4999927282333375,
            "enableCEPersistency": 0
        },
        {
            "name": "Land_Train_Wagon_Box",
            "pos": [
                12260.533203125,
                140.91578674316407,
                12511.2080078125
            ],
            "ypr": [
                117.80530548095703,
                0.0,
                0.0
            ],
            "scale": 1.3999894857406617,
            "enableCEPersistency": 0
        },
        {
            "name": "StaticObj_Wreck_Train_742_Red_Mil_DE",
            "pos": [
                12256.9970703125,
                141.35733032226563,
                12522.9453125
            ],
            "ypr": [
                115.97669982910156,
                0.0,
                0.0
            ],
            "scale": 1.099991798400879,
            "enableCEPersistency": 0
        },
        {
            "name": "StaticObj_Shed_Open_Small_Complete",
            "pos": [
                12275.9423828125,
                141.8037872314453,
                12507.498046875
            ],
            "ypr": [
                -154.14988708496095,
                0.0,
                0.0
            ],
            "scale": 0.6999955177307129,
            "enableCEPersistency": 0
        },
        {
            "name": "Land_BusStop_City",
            "pos": [
                12281.3935546875,
                141.43988037109376,
                12562.435546875
            ],
            "ypr": [
                -65.40428161621094,
                0.0,
                0.0
            ],
            "scale": 1.1999917030334473,
            "enableCEPersistency": 0
        },
        {
            "name": "Land_Garage_Tall",
            "pos": [
                12255.6865234375,
                143.85609436035157,
                12548.6806640625
            ],
            "ypr": [
                113.80557250976563,
                0.0,
                0.0
            ],
            "scale": 0.9999939203262329,
            "enableCEPersistency": 0
        },
        {
            "name": "StaticObj_Roadblock_Bags_Long",
            "pos": [
                12234.07421875,
                140.6407928466797,
                12516.80859375
            ],
            "ypr": [
                113.26008605957031,
                0.0,
                0.0
            ],
            "scale": 1.9999873638153077,
            "enableCEPersistency": 0
        },
        {
            "name": "StaticObj_Monument_Wall",
            "pos": [
                12273.5458984375,
                141.18421936035157,
                12519.212890625
            ],
            "ypr": [
                -121.6592025756836,
                0.0,
                0.0
            ],
            "scale": 1.299989938735962,
            "enableCEPersistency": 0
        },
        {
            "name": "Land_Shed_W2",
            "pos": [
                12255.4462890625,
                140.39476013183595,
                12488.8046875
            ],
            "ypr": [
                -62.57304763793945,
                0.0,
                0.0
            ],
            "scale": 1.2999935150146485,
            "enableCEPersistency": 0
        },
        {
            "name": "Land_Wreck_hb02_aban1_red",
            "pos": [
                12274.9697265625,
                140.97647094726563,
                12508.162109375
            ],
            "ypr": [
                111.52322387695313,
                0.0,
                0.0
            ],
            "scale": 1.4999918937683106,
            "enableCEPersistency": 0
        },
        {
            "name": "Land_Village_Pub",
            "pos": [
                12276.58984375,
                144.49026489257813,
                12534.8095703125
            ],
            "ypr": [
                25.036041259765626,
                0.0,
                0.0
            ],
            "scale": 0.9999923706054688,
            "enableCEPersistency": 0
        },
        {
            "name": "Land_Shed_M3",
            "pos": [
                12244.60546875,
                140.95179748535157,
                12490.099609375
            ],
            "ypr": [
                25.902706146240236,
                0.0,
                0.0
            ],
            "scale": 1.199988603591919,
            "enableCEPersistency": 0
        },
        {
            "name": "Land_Farm_WaterTower_Small",
            "pos": [
                12267.9755859375,
                145.6791534423828,
                12552.6630859375
            ],
            "ypr": [
                -66.39990234375,
                0.0,
                0.0
            ],
            "scale": 0.9999932646751404,
            "enableCEPersistency": 0
        },
        {
            "name": "Land_Shed_W1",
            "pos": [
                12235.6015625,
                141.6151885986328,
                12512.36328125
            ],
            "ypr": [
                112.14875793457031,
                -0.0,
                -0.0
            ],
            "scale": 0.999992847442627,
            "enableCEPersistency": 0
        },
        {
            "name": "Land_Shed_M3",
            "pos": [
                12286.1279296875,
                141.17579650878907,
                12537.5888671875
            ],
            "ypr": [
                -154.19007873535157,
                0.0,
                0.0
            ],
            "scale": 0.999976634979248,
            "enableCEPersistency": 0
        },
        {
            "name": "Land_Shed_M3",
            "pos": [
                12288.158203125,
                141.17576599121095,
                12542.20703125
            ],
            "ypr": [
                -154.19007873535157,
                0.0,
                0.0
            ],
            "scale": 0.999976634979248,
            "enableCEPersistency": 0
        },
        {
            "name": "Land_Shed_W6",
            "pos": [
                12248.9462890625,
                141.60943603515626,
                12534.2109375
            ],
            "ypr": [
                -156.8041534423828,
                0.0,
                0.0
            ],
            "scale": 0.7999982237815857,
            "enableCEPersistency": 0
        },
        {
            "name": "Land_Wreck_Mining_HaulTruck",
            "pos": [
                12254.490234375,
                141.227294921875,
                12515.0888671875
            ],
            "ypr": [
                118.7254409790039,
                0.0,
                0.0
            ],
            "scale": 0.3999985158443451,
            "enableCEPersistency": 0
        },
        {
            "name": "StaticObj_Wall_Fen4_8",
            "pos": [
                12231.1650390625,
                143.0915985107422,
                12505.39453125
            ],
            "ypr": [
                113.20852661132813,
                0.0,
                0.0
            ],
            "scale": 2.9999840259552,
            "enableCEPersistency": 0
        },
        {
            "name": "Land_Airfield_Hangar_Green",
            "pos": [
                12259.5361328125,
                155.09133911132813,
                12514.8359375
            ],
            "ypr": [
                22.994464874267579,
                0.0,
                0.0
            ],
            "scale": 2.4999918937683107,
            "enableCEPersistency": 0
        },
        {
            "name": "StaticObj_Wall_Fen4_8",
            "pos": [
                12249.2509765625,
                143.09164428710938,
                12542.0234375
            ],
            "ypr": [
                113.20852661132813,
                0.0,
                0.0
            ],
            "scale": 2.9999840259552,
            "enableCEPersistency": 0
        },
        {
            "name": "StaticObj_Wall_Fen4_8",
            "pos": [
                12258.68359375,
                143.09164428710938,
                12564.3994140625
            ],
            "ypr": [
                113.20852661132813,
                0.0,
                0.0
            ],
            "scale": 2.9999840259552,
            "enableCEPersistency": 0
        },
        {
            "name": "StaticObj_Wall_Fen4_8",
            "pos": [
                12287.64453125,
                143.09165954589845,
                12563.7099609375
            ],
            "ypr": [
                -154.99464416503907,
                0.0,
                0.0
            ],
            "scale": 2.999955654144287,
            "enableCEPersistency": 0
        },
        {
            "name": "StaticObj_Wall_Fen4_8",
            "pos": [
                12278.23046875,
                143.09165954589845,
                12568.3017578125
            ],
            "ypr": [
                -154.99464416503907,
                0.0,
                0.0
            ],
            "scale": 2.999988317489624,
            "enableCEPersistency": 0
        },
        {
            "name": "StaticObj_Wall_Fen4_8",
            "pos": [
                12282.6357421875,
                143.0917510986328,
                12526.9677734375
            ],
            "ypr": [
                116.68952941894531,
                0.0,
                0.0
            ],
            "scale": 2.999985933303833,
            "enableCEPersistency": 0
        },
        {
            "name": "StaticObj_Wall_Fen4_8",
            "pos": [
                12293.3740234375,
                143.0917510986328,
                12548.4228515625
            ],
            "ypr": [
                116.68965148925781,
                0.0,
                0.0
            ],
            "scale": 2.9999563694000246,
            "enableCEPersistency": 0
        },
        {
            "name": "StaticObj_Wall_Fen4_8",
            "pos": [
                12279.2607421875,
                143.0914306640625,
                12505.8046875
            ],
            "ypr": [
                116.1578140258789,
                0.0,
                0.0
            ],
            "scale": 1.9999868869781495,
            "enableCEPersistency": 0
        },
        {
            "name": "StaticObj_Wall_Fen4_8",
            "pos": [
                12258.7255859375,
                143.09161376953126,
                12476.205078125
            ],
            "ypr": [
                113.20852661132813,
                0.0,
                0.0
            ],
            "scale": 2.9999840259552,
            "enableCEPersistency": 0
        },
        {
            "name": "StaticObj_Wall_Fen4_8",
            "pos": [
                12244.1640625,
                143.091796875,
                12470.5546875
            ],
            "ypr": [
                -155.1176300048828,
                0.0,
                0.0
            ],
            "scale": 2.9999802112579347,
            "enableCEPersistency": 0
        },
        {
            "name": "StaticObj_Wall_Fen4_8",
            "pos": [
                12230.451171875,
                143.09178161621095,
                12476.8701171875
            ],
            "ypr": [
                -155.1176300048828,
                0.0,
                0.0
            ],
            "scale": 2.9999802112579347,
            "enableCEPersistency": 0
        },
        {
            "name": "StaticObj_Wall_Fen4_8",
            "pos": [
                12227.3935546875,
                143.09164428710938,
                12496.6572265625
            ],
            "ypr": [
                113.20852661132813,
                0.0,
                0.0
            ],
            "scale": 2.9999840259552,
            "enableCEPersistency": 0
        },
        {
            "name": "StaticObj_Wall_Fen4_4",
            "pos": [
                12280.2109375,
                142.9734344482422,
                12514.6884765625
            ],
            "ypr": [
                -154.16761779785157,
                0.0,
                0.0
            ],
            "scale": 1.6999919414520264,
            "enableCEPersistency": 0
        },
        {
            "name": "StaticObj_Wall_Gate_CGry",
            "pos": [
                12265.212890625,
                143.2085418701172,
                12574.265625
            ],
            "ypr": [
                -154.33493041992188,
                0.0,
                0.0
            ],
            "scale": 0.9999824166297913,
            "enableCEPersistency": 0
        },
        {
            "name": "StaticObj_Wall_Tin7_8",
            "pos": [
                12239.646484375,
                146.74578857421876,
                12468.4345703125
            ],
            "ypr": [
                -155.8660125732422,
                0.0,
                0.0
            ],
            "scale": 5.999965667724609,
            "enableCEPersistency": 0
        },
        {
            "name": "StaticObj_Wall_Fen4_4",
            "pos": [
                12272.45703125,
                142.9734344482422,
                12500.03125
            ],
            "ypr": [
                -154.16761779785157,
                0.0,
                0.0
            ],
            "scale": 1.6999905109405518,
            "enableCEPersistency": 0
        },
        {
            "name": "StaticObj_Wall_Fen4_8",
            "pos": [
                12264.8310546875,
                143.0916290283203,
                12490.5537109375
            ],
            "ypr": [
                113.20852661132813,
                0.0,
                0.0
            ],
            "scale": 2.9999840259552,
            "enableCEPersistency": 0
        },
        {
            "name": "StaticObj_Wall_Fen4_8",
            "pos": [
                12234.80078125,
                143.0915069580078,
                12526.4345703125
            ],
            "ypr": [
                -65.4871597290039,
                0.0,
                0.0
            ],
            "scale": 1.9999644756317139,
            "enableCEPersistency": 0
        },
        {
            "name": "StaticObj_Wall_Fen4_4",
            "pos": [
                12234.1103515625,
                142.9735107421875,
                12517.5283203125
            ],
            "ypr": [
                24.18651008605957,
                0.0,
                0.0
            ],
            "scale": 1.6999776363372803,
            "enableCEPersistency": 0
        },
        {
            "name": "StaticObj_Wall_Fen4_4",
            "pos": [
                12241.43359375,
                142.9735107421875,
                12532.4013671875
            ],
            "ypr": [
                24.186433792114259,
                0.0,
                0.0
            ],
            "scale": 1.6999855041503907,
            "enableCEPersistency": 0
        },
        {
            "name": "StaticObj_Monument_Wall",
            "pos": [
                12273.595703125,
                141.18421936035157,
                12519.2431640625
            ],
            "ypr": [
                57.80323791503906,
                0.0,
                0.0
            ],
            "scale": 1.2999866008758546,
            "enableCEPersistency": 0
        },
        {
            "name": "StaticObj_Wall_Gate_CGry",
            "pos": [
                12221.794921875,
                143.13494873046876,
                12483.6650390625
            ],
            "ypr": [
                118.62364196777344,
                0.0,
                0.0
            ],
            "scale": 0.9999792575836182,
            "enableCEPersistency": 0
        },
        {
            "name": "StaticObj_Misc_Range_Roof",
            "pos": [
                12228.4775390625,
                142.5485382080078,
                12480.8740234375
            ],
            "ypr": [
                25.545578002929689,
                0.0,
                0.0
            ],
            "scale": 1.9999815225601197,
            "enableCEPersistency": 0
        },
        {
            "name": "Land_Shed_W6",
            "pos": [
                12265.4072265625,
                141.60939025878907,
                12499.275390625
            ],
            "ypr": [
                -156.8041534423828,
                0.0,
                0.0
            ],
            "scale": 0.7999982237815857,
            "enableCEPersistency": 0
        },
        {
            "name": "StaticObj_Misc_Range_Roof",
            "pos": [
                12272.5439453125,
                143.02320861816407,
                12567.6171875
            ],
            "ypr": [
                -154.1024169921875,
                0.0,
                0.0
            ],
            "scale": 2.199981927871704,
            "enableCEPersistency": 0
        },
        {
            "name": "StaticObj_Wall_Tin7_4",
            "pos": [
                12275.771484375,
                140.63751220703126,
                12562.146484375
            ],
            "ypr": [
                -153.98165893554688,
                0.0,
                0.0
            ],
            "scale": 1.2999920845031739,
            "enableCEPersistency": 0
        }
    ]
}