<eventposdef>
    <event name="Loot" />
    <event name="VehicleSedan02" />
    <event name="VehicleCivilianSedan" />
    <event name="VehicleOffroadHatchback" />
    <event name="VehicleTruck01" />
    <event name="StaticHeliCrash" />
    <event name="StaticChristmasTree" />
    <event name="StaticPoliceCar" />
    <event name="ItemPlanks" />
    <event name="VehicleHatchback02" />
    <event name="VehicleV3SCargo" />
    <event name="VehicleTransitBus" />
    <event name="InfectedVillage" />
    <event name="InfectedSolitude" />
    <event name="InfectedArmy" />
    <event name="InfectedCity" />
    <event name="InfectedMedic" />
    <event name="InfectedPolice" />
    <event name="InfectedFirefighter" />
    <event name="InfectedPrisoner" />
    <event name="AnimalDeer" />
    <event name="AnimalCow" />
    <event name="AnimalSheep" />
    <event name="AnimalRoeDeer" />
    <event name="AnimalWolf" />
    <event name="AnimalWildBoar" />
</eventposdef>