<?xml version="1.0" encoding="UTF-8" standalone="yes"?>
<prototype>
	<defaults>
		<default name="group" lootmax="10"/>
		<default name="container" lootmax="16"/>
		<default name="keepInvalidPoints" enabled="yes"/>
		<default name="clusterMatrix" de="TrajectoryApple" width="12" height="12"/>
		<default name="clusterMatrix" de="TrajectoryStones" width="12" height="12"/>
		<default name="clusterMatrix" de="TrajectoryConiferous" width="12" height="12"/>
		<default name="clusterMatrix" de="TrajectoryDeciduous" width="12" height="12"/>
		<default name="clusterMatrix" de="TrajectoryHumus" width="12" height="12"/>
		<default name="clusterMatrix" de="TrajectoryPear" width="12" height="12"/>
		<default name="clusterMatrix" de="TrajectoryPlum" width="12" height="12"/>
	</defaults>
	<group name="Land_Shed_M1" lootmax="6">
		<usage name="Military"/>
		<usage name="Farm"/>
		<container name="lootFloor" lootmax="6">
			<category name="tools"/>
			<category name="containers"/>
			<tag name="ground"/>
			<tag name="floor"/>
			<point pos="0.504883 -1.174019 0.807373" range="0.587867" height="1.469666" flags="32"/>
			<point pos="0.852539 -1.174019 -0.850342" range="0.595474" height="1.488685" flags="32"/>
			<point pos="-0.238281 -1.174019 -0.895996" range="0.497570" height="1.243926" flags="32"/>
		</container>
	</group>
</prototype>