<events>
    <event name="AnimalBear">
        <nominal>2</nominal>
        <min>1</min>
        <max>3</max>
        <lifetime>180</lifetime>
        <restock>0</restock>
        <saferadius>10</saferadius>
        <distanceradius>0</distanceradius>
        <cleanupradius>0</cleanupradius>
        <flags deletable="0" init_random="0" remove_damaged="1" />
        <position>fixed</position>
        <limit>custom</limit>
        <active>0</active>
        <children>
            <child lootmax="0" lootmin="0" max="1" min="1" type="Animal_UrsusArctos" />
        </children>
    </event>
    <event name="Loot">
        <nominal>0</nominal>
        <min>0</min>
        <max>0</max>
        <lifetime>0</lifetime>
        <restock>0</restock>
        <saferadius>0</saferadius>
        <distanceradius>0</distanceradius>
        <cleanupradius>50</cleanupradius>
        <flags deletable="0" init_random="0" remove_damaged="1" />
        <position>fixed</position>
        <limit>custom</limit>
        <active>1</active>
        <children />
    </event>
</events>